{"maxPortfolioAmount":283556.040972273,"minPortfolioAmount":90277.6761817989}