{"maxPortfolioAmount":50336.14500487399,"minPortfolioAmount":8944.606888269403}