{"maxPortfolioAmount":319333.8774784979,"minPortfolioAmount":86823.14891854447}