{"maxPortfolioAmount":295012.85070852644,"minPortfolioAmount":89480.81871520478}