{"maxPortfolioAmount":267278.7642306277,"minPortfolioAmount":92274.469442792}